216.26437,184.39262,215.50635,158.12842
471.5373,128.25734,479.35837,0.47097096
349.1181,146.90211,348.0157,85.62697
52.00598,60.71843,50.434036,41.890945
222.94612,44.374107,223.07076,19.37473
204.3331,23.124895,204.26775,49.380955
214.64778,146.87949,214.83334,135.61197
141.66966,49.71815,148.47485,53.790363
345.6661,1.253274,335.54587,1.9153988
148.96988,53.370823,157.15488,50.068752
344.54822,86.86844,347.10468,154.3663
349.03418,239.8611,344.84027,247.70544
185.98312,150.60793,186.81299,168.00873
219.23363,137.08598,223.17834,186.47136
222.08937,18.149662,203.03735,21.353819
244.45721,133.71796,253.04216,132.52756
548.719,395.79742,470.68823,382.74698
424.97684,419.02454,388.02747,462.84674
158.04352,51.104862,185.63144,48.18585
353.66623,110.26603,372.38873,116.56385
387.29095,464.50537,426.52045,479.0794
208.9233,50.72383,222.30573,45.4727
370.69904,227.27936,424.33792,229.17438
431.2444,335.27097,423.70453,322.0793
269.67355,114.49506,272.8764,106.530365
212.36864,195.701,214.3067,183.11449
99.46951,158.63185,94.555145,98.94846
273.0684,105.52224,289.3944,104.838974
293.12073,123.4053,274.33688,123.118164
432.08044,160.50557,421.63467,142.538
0.66407233,22.190557,181.76866,-0.23387235
268.45795,88.184395,260.81635,90.1275
66.013626,279.34277,57.212063,173.2007
422.98544,142.3299,476.8514,144.87416
251.88824,136.68793,241.85866,136.81288
45.793633,54.999718,50.962296,66.72633
312.66644,160.71725,315.4329,211.95287
100.93547,44.127247,142.22507,52.686268
186.82027,49.37345,187.66881,19.362103
368.02548,218.1501,368.59918,191.85808
292.4444,104.05818,286.18707,92.812256
185.06143,103.886246,176.13402,137.01218
399.27203,431.0007,410.37344,434.04297
72.90531,134.07347,61.9867,142.02832
475.5121,401.55286,461.81284,399.8858
344.58902,160.6208,345.252,194.38232
347.59628,194.3759,347.56653,176.87383
290.66168,94.34316,295.90408,100.382744
433.0502,294.7847,456.87228,305.63092
561.4914,468.1872,550.3093,399.2235
373.6369,21.875526,373.62173,0.624646
372.61426,126.43103,363.9777,136.36624
550.1479,57.910686,534.5217,69.571655
581.9046,383.00162,571.88135,380.5986
376.9333,0.56621844,371.30276,234.4515
565.9679,321.88715,564.9931,349.4411
367.038,129.37135,366.81415,119.376366
138.14096,452.0286,135.46002,430.48996
425.59442,293.1728,427.1613,253.1852
497.87558,456.63898,559.40027,471.7722
496.29193,0.56180507,489.5094,63.139565
148.87685,357.52927,165.55959,448.59497
624.2039,307.6591,466.94012,273.3473
420.08173,317.37387,424.68912,310.84674
260.1953,178.14217,261.94412,221.92216
370.1218,0.62481695,370.11972,20.625078
119.97884,110.51495,118.05439,165.53508
220.22467,119.51607,218.94585,127.2188
191.18314,166.92361,190.18094,126.886116
237.17918,353.06345,245.30067,393.19064
348.91174,173.19682,349.31107,161.87274
69.01805,100.14829,73.71356,133.56917
541.46204,74.10937,552.4179,64.793434
430.9,231.86357,431.73483,160.60872
0.5337261,263.67615,40.67984,261.79593
49.003536,145.6495,49.249355,136.83662
246.31967,233.10619,247.53893,278.14087
260.01947,98.010735,273.32074,105.10241
51.98548,33.75447,102.955124,42.829155
346.5559,255.6818,343.96304,298.17615
342.62228,123.089714,342.07,91.82739
364.4243,89.47873,352.28876,95.245674
65.096115,164.34451,65.41715,171.93665
214.58064,132.9105,223.23747,131.19136
315.68454,95.63366,310.74734,129.57463
559.745,351.9113,564.5284,303.14005
500.90936,435.9258,426.5883,413.6597
537.6839,91.73318,543.36884,74.051506
526.9359,411.63602,535.75037,413.8834
28.024172,139.5208,29.238832,150.77461
535.6797,69.091125,530.84973,89.428375
357.82867,287.09546,363.3572,263.17868
590.2951,67.25215,602.4218,97.40231
260.14807,63.724247,258.06216,57.713047
42.788525,71.90262,39.086372,26.796095
158.44958,452.98233,160.7369,478.22812
168.14548,30.800806,169.71994,19.422733
133.12961,91.62349,56.859406,90.226074
362.73657,0.57768506,362.19348,19.384197
263.04715,133.0235,264.5792,150.71556
347.0609,422.1074,354.53964,423.4738
370.9611,297.4807,334.759,317.5671
260.72247,118.11591,258.95682,99.18087
596.19385,44.254112,592.6381,64.28859
443.10684,139.06801,449.48236,138.69109
241.85306,153.46307,254.46219,154.28134
45.62991,166.8745,50.314697,211.90729
123.31341,95.22177,104.605835,107.23448
430.55548,308.4871,426.60898,294.10498
259.35696,230.47319,248.11707,231.80824
369.4037,235.78375,349.16132,239.44278
518.4942,458.214,509.10376,455.22806
298.34512,100.70774,297.23947,86.946144
264.33997,188.71733,283.0983,189.82652
587.2864,12.355008,595.51917,43.48359
579.1887,390.8041,586.72363,391.7862
30.418713,159.94366,39.754032,163.33014
356.5515,425.29718,369.6342,429.8861
213.08266,170.62689,213.47488,179.41518
306.65546,9.508304,300.52945,56.86264
28.585085,300.0111,7.5106235,315.2538
540.5948,456.59744,519.3245,458.9107
364.32944,275.61032,359.8467,289.52695
354.69128,0.62902194,354.437,20.625788
86.9993,29.4673,51.8378,32.723263
55.72888,92.95063,67.702515,100.084145
370.53433,429.68753,379.44278,428.82605
434.60934,466.2404,402.3534,454.32944
377.4233,387.3605,345.76962,423.10983
286.79996,111.46685,294.49936,110.05147
364.26654,233.08395,367.6335,224.18896
245.49275,225.14156,258.0503,227.30797
354.11435,95.418785,350.23776,100.31862
294.2657,113.0855,291.97974,119.41284
178.54419,191.4239,172.07378,185.41109
25.199114,109.316635,25.916267,119.4429
48.005505,263.1153,45.76243,290.73767
264.76166,29.113394,265.79807,35.597336
383.04333,432.1388,393.5813,435.40094
434.53705,194.33482,433.89175,231.88817
485.35532,479.19684,496.2504,456.52628
365.53537,18.12026,366.4618,0.60314745
54.918026,193.20871,49.43066,146.86841
463.0898,382.00577,429.42307,372.9464
350.60327,337.2292,428.1486,335.34708
587.1741,406.0184,584.715,392.26108
252.03723,127.98412,244.51534,129.08437
367.13937,251.37291,351.8416,256.78055
56.359776,116.76907,60.647346,146.51138
150.81445,430.23785,141.4388,455.92206
271.38187,219.37737,271.2441,190.62204
526.1706,452.818,532.47864,449.1683
193.85007,135.60387,194.7621,166.90015
566.9875,349.83966,591.8359,353.3981
622.52234,0.5726224,613.5871,103.38244
166.98811,20.39387,89.33499,29.014606
163.11768,449.36,157.08267,452.30115
289.43976,94.07668,277.13977,87.45517
262.74365,158.19487,265.74594,174.58186
110.98496,163.85223,100.697975,156.76901
528.04266,63.15336,520.7024,41.848328
249.58588,178.90034,258.2849,182.76506
311.04633,155.55365,310.35388,139.3332
66.72154,107.00745,61.49567,100.952385
601.1834,113.06122,611.57635,0.36690253
136.38982,341.47525,155.62692,318.1266
583.08246,294.6521,631.64813,302.10376
287.9775,10.607024,285.83917,28.151104
430.6874,235.9728,371.873,231.90433
340.60107,194.3879,345.3384,203.18274
373.3292,234.38795,369.6765,291.97342
511.73633,43.93114,517.212,73.06165
544.6851,407.6673,536.3667,402.03046
341.79904,50.13217,349.31317,48.97387
39.31199,175.63338,39.25909,183.133
70.11696,176.92131,68.86351,163.17163
5.8061695,383.76068,0.47380656,393.0381
47.90896,22.723597,37.91992,20.180534
351.92087,158.74547,329.54312,160.39946
424.332,232.02411,431.92178,234.2128
109.355545,104.146385,108.03587,133.12094
520.8392,418.83896,513.5103,415.91064
213.72705,128.1538,212.89075,109.32987
338.07986,227.18874,363.62164,230.86255
210.08888,185.5901,209.27332,198.11838
429.82626,270.58325,429.16776,283.1795
288.0066,184.41034,287.3598,159.36249
196.97975,234.60416,140.74623,238.58679
373.16852,426.7414,355.50714,420.9867
44.694572,40.423313,46.49364,54.424004
295.23663,12.021649,292.27164,29.442507
415.5828,299.53043,427.0088,302.63217
293.3021,148.26358,294.59302,158.25829
250.10957,181.92409,248.2692,209.46815
85.676544,196.08116,76.75793,197.08891
578.85834,8.211988,564.5463,2.6815624
81.02657,150.49315,83.12236,156.87587
190.3548,126.237785,185.81233,119.25317
311.40707,130.5022,314.78384,152.00708
443.85196,400.11774,436.91077,406.91153
263.1236,222.51363,301.87338,222.42448
531.13196,457.18842,522.27155,452.39243
416.6499,372.75092,460.70285,384.07208
542.34393,1.6088252,533.7572,5.701472
277.02542,86.20998,265.78503,83.66753
154.00247,165.9041,150.52325,176.84264
571.41,383.14325,570.80023,409.37906
350.6348,160.58568,360.6367,163.07816
580.5471,126.590126,473.0962,129.59473
466.25458,300.51825,460.5714,333.54596
346.9803,175.91544,353.3054,173.6227
505.63324,408.07193,514.36646,409.43
243.7855,76.90475,243.02419,61.817013
574.96277,17.903412,577.4715,10.406318
436.9477,156.79845,435.55585,178.20178
320.4667,87.26421,309.0686,82.628365
36.297386,204.05923,32.253056,195.44745
62.96103,148.13898,80.713585,146.96808
227.2913,129.39279,229.07755,213.10468
530.3331,7.285317,520.50085,0.29205635
310.6372,198.1249,310.31754,160.61697
258.52835,180.65509,260.026,160.5803
171.98099,186.93361,160.709,185.9308
216.89668,85.473526,205.52191,83.84512
321.5874,210.97551,316.73557,189.69174
307.09213,133.12103,307.52634,156.86308
226.32318,204.36086,225.8927,183.11957
358.4461,20.627066,358.54263,5.6196456
29.054064,231.77309,6.5531874,26.636082
460.7461,333.8472,510.97046,345.36917
255.29556,96.90171,256.4113,110.6626
348.0672,246.02094,366.9746,245.50163
534.2622,145.1106,540.7485,143.68802
547.5887,408.06876,546.78375,415.7465
306.9256,87.92744,318.08398,90.785126
388.36627,292.78815,413.1211,298.1431
297.0631,154.3997,295.87103,103.14835
42.42534,203.74297,35.657932,205.73679
519.51044,76.590294,524.23645,58.08961
554.7098,37.171516,571.2313,18.51929
444.20593,411.7582,471.83682,415.8809
46.39281,29.475777,47.94703,36.912197
221.56038,103.54438,209.3617,94.39273
481.07404,468.90585,475.98087,477.6013
32.2106,195.46901,29.397396,166.8728
242.85797,220.7889,245.74197,159.49814
191.91978,99.37297,193.3955,131.91942
54.40845,90.6244,54.229313,80.62761
531.27673,450.82764,537.5007,453.39096
478.71762,410.69794,473.70523,408.20728
287.75015,35.57273,300.29056,31.963076
209.60117,217.92577,201.66937,109.39003
59.370964,110.8053,68.14455,111.00162
531.9776,14.312378,542.04156,30.799366
506.46057,431.20334,515.20123,437.46643
195.63425,222.16345,181.85834,222.60506
308.46765,196.91399,305.7518,220.78166
288.68945,186.44305,293.0908,192.19464
393.7665,435.98987,399.23074,432.23343
55.364906,205.37001,57.107986,212.13696
244.31908,95.513885,254.40477,95.0995
63.50162,173.08437,63.855156,198.11469
84.282196,156.26164,93.20616,154.91142
139.27452,171.82614,136.77708,113.07603
596.6084,314.8034,612.0002,333.22607
39.3852,264.44263,16.832567,267.84363
367.26437,135.2759,360.98438,143.71199
48.61801,135.67662,47.169655,114.440155
264.63477,60.589123,265.8441,69.34474
462.21335,469.62518,436.74597,461.00626
546.199,32.238327,540.8143,40.744827
2.1302476,170.08894,9.435995,190.60327
487.14883,424.1619,482.83972,418.6243
160.77866,185.88518,153.40448,175.42792
304.34857,226.63159,322.04706,224.70914
58.620934,141.50371,62.652157,160.45973
371.81857,293.37973,389.43442,294.04016
11.340769,170.52898,16.557556,209.41759
3.5439522,145.72157,0.48410922,119.39137
477.25613,417.2874,481.31058,425.8295
141.82954,463.0391,149.23921,459.11838
66.15926,136.81601,63.50809,112.80664
480.50327,63.117733,476.69855,126.86447
426.8166,372.13657,402.20624,366.6415
337.57614,4.0985327,345.5787,24.393257
628.49365,0.45239598,625.05444,18.013256
242.18631,391.51297,225.12868,317.95023
366.16284,286.90414,367.58817,260.59592
512.88416,342.9288,520.5548,344.6821
629.2014,272.51068,634.5729,249.13326
326.39926,88.17534,325.68552,116.8765
638.4982,357.36353,624.9917,367.68225
448.3617,392.40823,430.9612,400.13235
31.737926,459.23166,38.777138,452.49985
91.74855,136.88075,91.29452,126.90141
629.3892,298.0045,596.899,294.17172
208.06462,81.311386,225.53937,82.848495
271.87454,226.73564,261.87466,226.76837
136.9548,429.78574,149.46815,427.35446
195.02278,169.39062,195.67094,194.37381
209.53076,199.74997,224.5014,202.41492
10.294251,154.38742,10.858341,169.41316
448.1159,451.90118,458.20303,455.40002
16.92351,38.409683,33.335957,35.613003
551.90515,2.6137822,543.0386,2.0911524
371.14563,146.87592,371.1315,135.62436
338.28024,155.55429,340.14005,126.76293
611.40314,356.79446,609.2235,369.56253
0.5848064,466.48608,15.610415,467.18744
364.37595,214.5807,348.13214,214.6565
65.70231,224.36926,69.69131,278.10153
193.3268,315.6878,134.625,352.2761
463.0469,385.8452,475.64417,386.51425
228.04665,243.14711,227.81757,229.38011
429.04837,284.0416,434.7047,299.70728
144.6532,172.98586,137.00668,174.90083
154.57,318.7835,193.17241,314.83905
323.22006,196.87938,324.14273,176.86429
532.2576,446.3451,525.7765,441.66522
596.83435,324.6145,572.9247,320.5549
454.97513,334.2616,456.9543,322.9207
370.65097,80.168015,353.12885,80.74211
109.92874,135.61671,110.172195,151.88177
435.63745,453.08713,454.4143,459.25537
411.56516,452.89523,420.619,455.64484
427.6694,247.59964,435.86087,252.74985
495.62637,400.60596,485.5883,399.88962
351.28595,19.30819,349.8595,5.1969557
215.43228,109.38449,216.05264,121.97709
310.63788,262.98117,309.1706,275.60123
5.3877783,95.56038,7.54268,129.3324
16.423082,442.1367,4.1937933,447.72873
516.8434,439.6565,506.69067,438.51605
575.56903,400.73404,584.5263,405.33017
348.53632,31.948154,347.54358,20.566685
523.1588,438.3915,530.8522,437.41528
129.09648,346.5444,135.83168,340.87033
510.61243,441.99054,518.29346,442.82578
548.15204,430.3716,541.8405,429.6982
270.75055,12.732092,274.48734,23.084446
110.49214,278.35162,53.04225,281.7091
226.46147,84.45278,224.01999,110.70822
398.17462,416.36835,388.0271,415.37476
542.8393,446.21335,551.3933,450.36697
54.325867,199.05069,55.8393,204.65471
613.74066,370.64502,613.34515,358.11804
189.31499,17.610151,178.07204,18.920658
304.17368,156.89384,303.96252,140.63036
54.445152,136.86816,51.89024,110.62352
290.70874,80.44095,280.0678,75.599686
372.06845,91.89939,371.80817,80.62654
42.656136,32.900467,46.997494,23.835047
373.04382,414.02908,361.82498,416.66187
417.78723,324.73898,425.76492,318.71603
455.7005,307.37158,461.88837,307.9916
349.375,155.62839,369.37497,155.64658
626.30725,368.1193,626.32935,375.62662
96.09413,103.61742,105.35304,94.073875
590.437,129.70969,580.1664,123.94157
374.40982,415.59558,380.09625,422.322
307.237,24.229609,312.42816,37.154873
113.727844,165.58923,110.540924,111.87999
541.74316,433.19843,530.4804,432.07645
219.43243,314.87283,194.47617,317.7519
611.20123,331.86853,611.4122,350.61615
600.2005,99.335754,599.0441,111.844406
403.23593,450.71466,411.5823,440.38843
437.92807,314.53055,439.45358,304.202
293.54398,160.74431,298.7191,196.7897
506.7123,449.86603,514.37897,450.58246
54.362175,221.47855,63.579243,279.30258
129.05283,382.89502,134.8782,374.7342
496.332,23.022558,528.43024,10.135195
146.30765,408.10352,132.98013,414.05032
132.45789,401.17725,149.19135,407.3712
1.86013,73.12516,1.9426306,80.62425
301.07544,27.098993,296.5815,11.057391
250.77725,20.636623,249.72627,34.40182
443.6878,259.67032,430.58368,251.94507
541.24603,424.4819,549.3274,428.22775
302.6552,134.29651,299.91205,150.71474
279.44684,79.129906,245.59482,77.50308
46.736317,114.39297,45.261406,103.01015
264.46164,122.94838,271.93408,123.40218
490.16238,452.87286,481.28323,469.16498
363.18408,418.4645,375.10547,416.38977
499.385,431.85764,491.19537,427.13574
518.3143,441.20206,526.63745,446.03415
496.25586,451.144,504.18942,441.5007
459.37283,298.46024,448.10706,298.387
169.21643,210.16838,190.61113,214.44443
263.1362,229.2982,280.45032,231.82292
526.50995,345.6136,573.60345,359.49295
164.27322,232.01733,197.0706,229.00375
14.378742,266.92227,0.5177004,268.0195
252.24998,383.79523,289.75116,362.81317
478.12357,470.8837,464.367,470.80673
28.02527,95.49132,20.211384,101.320564
341.60532,296.87396,341.82904,238.1296
546.99414,442.96255,537.5113,436.00748
505.28528,443.76865,514.1928,448.4702
530.87714,437.886,540.50934,442.13705
156.6967,432.88135,139.23032,356.05533
536.87897,416.79745,526.96875,416.29086
33.9309,216.82086,34.688793,228.10393
20.607157,103.24956,33.206726,105.05451
396.68954,426.23355,404.5979,428.64355
614.2424,348.1144,615.3495,334.25314
534.2654,256.64725,590.6709,262.6969
208.88516,119.23984,207.55412,111.75424
80.643234,234.5998,68.1242,235.61508
175.6092,19.396805,182.08363,24.086988
265.62558,155.652,273.1492,155.4884
422.14273,319.9188,412.3432,314.5527
243.46037,274.35355,242.80035,225.59555
540.5795,444.0066,531.8089,445.0894
524.42065,434.86606,517.9938,435.46375
337.91342,218.11714,338.3307,206.88264
227.36214,229.29857,225.41795,216.90749
320.09647,185.52359,321.84363,197.9537
434.58237,300.6312,434.2084,313.12003
570.1338,397.7525,557.255,405.41223
635.6772,333.0155,625.5839,333.47708
519.3747,135.62079,538.3005,134.17949
35.848976,118.11567,37.252132,151.80724
545.4952,143.26009,567.98145,140.64186
11.912494,125.80022,21.089954,189.30782
286.90186,290.20227,304.41058,291.315
407.72473,402.34964,395.49146,392.0334
422.30997,456.20514,432.1988,462.62637
600.2056,356.18155,608.8374,335.4017
321.8059,161.87604,322.0882,180.6218
467.92084,478.668,435.3286,466.41324
281.66913,235.13193,270.5739,236.44244
55.718327,80.02249,43.471294,72.556915
430.60144,253.12482,430.48648,268.1335
38.128616,98.44734,26.866009,98.573715
188.63696,90.6016,187.66766,69.395905
51.01901,99.749084,58.92842,110.005424
150.04785,459.27722,154.44116,433.348
355.39243,301.82794,357.38507,291.97818
226.03145,0.62947583,225.21925,74.3843
213.10268,108.1507,213.23454,101.85113
32.077408,267.77386,45.643147,275.5935
247.53418,34.380943,247.3957,20.61976
348.22305,81.56717,314.39368,82.53097
207.76813,405.24362,228.34843,354.46555
590.65564,265.33646,533.14,259.23343
515.6199,427.43307,506.8706,427.35275
291.00018,359.5305,298.83017,362.21442
535.6285,460.65326,544.70416,459.52676
229.61569,219.35777,233.28296,270.6137
293.14746,158.6521,264.44965,159.8756
356.18466,101.333694,349.45737,106.64646
344.44366,298.72852,353.22733,299.6615
426.71896,143.9254,431.13797,154.6779
469.5384,281.76508,470.42252,303.18497
74.4919,164.32785,81.7876,182.41447
259.39346,217.07808,248.23582,218.09314
544.95465,397.97684,547.28394,407.08997
318.71063,131.89943,320.22705,95.55624
65.30938,352.31393,74.039665,358.59137
41.91763,447.09674,50.58749,445.4299
53.06591,150.51157,55.34151,174.40201
35.604855,354.40454,25.286282,347.37198
255.76248,41.329754,241.81183,44.05116
614.8796,333.17154,615.9915,321.12015
324.27933,286.89722,323.88678,263.11243
148.19832,253.50702,130.61261,252.02165
242.21849,26.891182,242.63257,18.1018
609.37683,130.99678,638.12616,130.85577
453.87527,318.2988,455.92618,309.44476
412.63138,429.25058,405.42163,426.0887
40.763992,262.86383,53.1941,261.11658
263.04636,81.59752,281.97583,83.12832
108.07629,96.13873,116.87049,95.55686
38.971085,210.37492,46.905552,208.23846
157.01009,94.40044,155.72444,164.39978
278.0838,132.55104,265.64786,133.4434
191.36887,68.106575,190.31874,96.95486
541.97437,420.9624,531.7563,423.97202
325.40543,58.12551,325.3763,45.62558
624.90515,374.44986,638.2305,384.23123
436.93103,405.91522,418.15698,409.54056
270.852,123.83864,278.50458,130.16592
607.009,272.1075,535.67896,262.71524
243.50533,121.82615,238.98114,86.60447
249.28201,283.09842,263.14197,284.15186
35.625774,34.37497,37.96511,96.88098
259.6015,138.4237,256.8558,129.0158
433.2619,462.76526,463.8825,474.41907
161.0137,230.65526,162.28638,214.30971
211.94557,238.11145,209.77399,226.79842
474.8872,424.1472,464.5247,416.6676
428.76184,246.82732,437.66296,242.11267
349.43982,198.74931,344.16095,209.8669
128.54953,374.33505,127.26706,360.70572
126.9819,350.5413,134.68724,360.3805
423.03418,391.55264,405.84238,396.3965
196.93976,206.87297,197.80048,234.4242
180.41812,195.77057,185.18976,202.55168
494.37912,149.14478,606.8878,151.15807
372.01297,31.809406,351.84973,34.158173
228.20738,478.1198,225.84442,440.61118
412.44556,426.03827,418.75314,417.33
464.8641,329.24954,465.23584,334.40308
29.306376,259.83347,0.45439887,255.51472
609.38214,291.82742,586.8265,288.4488
275.62085,155.7081,283.12466,155.73146
349.3755,46.901897,349.6185,35.60335
59.36669,460.58517,39.451485,464.7415
307.4001,159.37044,307.7148,195.62856
168.35724,156.86157,168.69765,99.37839
610.5642,127.75814,603.87634,128.86676
568.248,311.8913,567.2496,319.42465
23.169886,393.76828,10.730454,394.6363
355.42136,82.28619,367.94482,88.48877
637.198,224.43063,632.8727,249.54681
615.0533,136.17746,607.1653,145.86147
178.01302,148.68762,188.12373,148.10323
230.4121,269.38992,228.7418,245.58173
614.3998,118.812836,610.4311,127.462494
1.9565057,326.76624,1.1381953,335.5564
530.34845,277.71222,561.5027,288.0023
285.46442,157.29688,287.80508,144.3173
97.767815,246.88936,97.26413,234.35936
184.53143,123.11452,186.13202,147.0085
581.57635,406.25732,587.7968,415.83807
201.91469,16.166601,213.19571,15.3399
614.6835,97.60888,617.789,106.98627
371.4163,99.64288,365.47208,89.46431
368.107,190.41779,349.31943,190.09338
337.99283,203.05328,339.1149,161.86792
449.29816,375.90683,465.37534,380.29065
189.59074,203.87437,171.89217,205.78413
56.00452,432.2527,64.73036,423.48468
589.9252,0.37673134,589.0822,6.9968796
606.2362,4.185288,603.88544,12.100833
61.82149,366.5295,71.96537,364.9585
259.4073,90.45452,243.13446,90.94123
326.0871,129.20053,323.93506,154.33734
239.53268,7.3365383,300.72394,1.6989132
347.91693,55.52234,349.4047,70.62207
594.61066,250.47302,625.61505,255.68425
189.66367,8.124142,189.7603,40.62757
208.97668,222.6154,219.31317,224.68396
608.1204,151.2522,638.1279,151.47147
414.36456,300.93362,364.3292,301.48755
534.55774,85.69195,531.58307,93.810005
494.65793,37.04059,499.52225,28.729576
93.19163,147.56462,81.92601,148.65302
289.416,39.61878,278.14017,39.92811
575.6218,321.8553,568.1146,323.0602
46.9133,426.41595,59.38406,425.8121
171.181,109.725235,187.56409,91.23558
365.54745,298.0675,365.1805,290.58548
248.96605,60.54547,246.06413,75.46731
91.79866,433.74414,86.787865,424.42184
638.4886,293.15128,636.59485,319.35477
98.08471,356.5195,88.071655,357.65433
631.825,302.94742,629.5774,319.40265
451.85757,260.71375,442.72345,258.92123
621.17847,373.22693,624.4184,355.633
515.78503,275.80276,530.8232,278.0473
4.1512685,83.212555,10.071785,98.34149
303.50742,204.38441,304.61615,159.35016
273.3976,29.182808,278.41617,36.30101
236.72058,407.2653,241.63905,399.23056
125.72755,416.36124,104.369576,419.33606
94.19738,228.16385,90.6336,211.87312
253.05766,157.44061,243.05067,156.24928
213.69984,206.37683,221.94797,209.15866
53.11251,232.03731,36.766922,230.77948
265.743,36.537342,272.81592,39.009346
8.108095,315.61145,0.9032119,324.59805
626.1449,315.6999,625.4843,309.2612
186.62323,3.7172444,48.30274,21.97178
141.7088,352.71338,146.07307,364.20483
135.01999,372.1291,126.96469,377.02264
336.79764,319.42566,350.4849,340.32983
96.4054,387.98816,109.13852,383.6766
212.15929,418.30328,208.35474,403.9819
615.34595,104.74075,605.7975,121.25187
76.85039,426.944,67.90125,423.75238
483.83902,352.1309,432.50348,333.85922
291.937,6.084301,261.97675,10.128699
482.8293,13.060735,483.76236,26.916256
479.16495,125.57328,481.62936,115.56452
328.78195,86.08771,339.71832,95.21358
184.45125,29.549332,170.59367,28.566952
78.14086,336.05054,64.36341,336.56415
65.31305,197.9357,64.082436,208.08954
621.05505,324.3098,617.2711,371.9065
315.68552,41.690617,323.56726,44.27761
459.24774,463.59134,445.49832,459.83923
110.64078,404.4501,124.564,401.5245
331.56522,2.9291105,324.39438,4.4654336
119.44811,249.70935,99.376465,248.10664
297.24838,80.998184,299.62006,70.68133
0.3247061,453.2291,7.399159,451.37518
450.7614,241.8959,445.31732,252.36502
16.88859,406.829,8.825966,410.74445
71.488365,460.17184,85.0004,448.64294
603.47833,126.10034,586.6154,124.280754
45.241116,476.20758,64.1922,465.3072
258.1336,359.43335,268.2817,357.93936
0.60562134,201.1844,9.388384,201.48865
625.03815,358.7042,630.3482,354.0586
222.01527,217.9195,209.40694,219.6128
307.18683,73.573296,314.58514,68.4271
66.43777,466.59225,51.48905,479.1533
31.03377,374.71188,24.103458,383.12103
148.21033,402.91223,136.79167,398.33276
531.6137,10.7639475,529.5222,25.645693
619.3883,142.28773,638.1591,141.68266
497.57394,136.29065,509.16135,145.88307
185.63724,478.13336,210.08171,442.35788
325.56787,161.87477,325.3772,209.37401
311.3103,26.826355,312.71817,10.482281
43.055996,303.5185,33.354317,301.81726
543.1593,245.28798,594.38776,250.49991
521.8836,233.00462,453.0388,228.08022
7.264086,468.93243,0.23655158,472.3189
79.92941,413.79868,85.03526,407.63635
46.266193,103.13746,46.086697,94.365555
324.24384,4.438889,311.75827,5.8194427
524.3535,258.38205,470.56152,253.88419
89.43122,126.64311,74.408005,127.472725
288.06653,83.655045,298.2027,82.831696
461.83157,400.4634,451.1142,391.30267
22.033043,85.27135,24.027533,93.21227
303.22272,296.24945,248.0079,287.62463
603.7034,331.1147,595.14935,324.60715
482.79553,50.330257,485.36343,69.240776
71.79531,465.9199,60.366558,462.83133
354.3668,234.51018,305.56897,231.54767
24.418392,383.4726,10.572088,385.20117
226.97223,282.13287,211.99358,280.665
433.13626,280.62558,434.21484,259.36688
425.18356,304.58856,428.83514,312.13617
71.52903,462.89133,116.813286,478.3063
579.8975,415.41956,586.657,417.56265
113.66149,351.73996,128.77182,344.46924
603.16437,238.9408,621.87396,240.63663
83.11993,234.11342,94.38993,233.89487
39.36886,20.59231,13.106467,25.526356
200.80115,194.37161,200.76166,206.87148
268.12982,344.34955,235.60992,338.20483
455.7892,168.0996,454.44296,225.62659
594.5293,292.3038,566.079,286.95853
428.23682,370.16718,438.25012,372.61264
333.86844,95.57728,334.10983,105.66127
74.33235,125.24943,90.79589,123.37996
136.88622,424.40076,146.07149,420.40012
265.61502,355.7073,256.693,354.62424
323.16324,84.15104,339.3676,86.91824
473.18845,407.57977,442.069,403.95816
354.31247,77.1834,371.8183,76.02108
588.3269,285.76443,621.87695,291.8643
624.47955,245.42723,535.56134,239.00708
590.9892,121.28046,602.2389,115.02999
625.23444,332.89066,623.2445,325.5924
4.35429,350.4346,14.371737,349.345
216.22482,409.56335,208.39827,405.14136
443.20038,288.20038,433.0816,287.551
350.55157,28.60423,371.84644,26.575344
637.7176,259.49734,632.3079,296.75638
629.42444,358.21924,636.33307,354.59262
308.109,248.1264,309.51758,264.25336
24.510868,359.9438,37.801094,356.76904
154.33556,241.58453,135.42503,244.15228
350.52136,206.07341,365.03482,209.42822
454.1491,305.47424,447.029,316.1436
247.02147,32.330044,244.08397,41.344803
369.3694,71.9493,360.57513,71.28355
488.47623,51.89663,489.47784,35.631332
201.08871,106.87804,200.74121,16.874552
533.9046,275.6303,533.7775,264.38174
165.70854,243.54285,151.76611,246.33043
54.82666,110.529274,56.094326,116.51061
93.86079,445.17276,99.05433,440.3826
111.99277,373.3941,103.10239,374.0833
42.869503,407.85574,66.93976,414.1264
353.10764,36.72127,371.90036,34.599564
35.79082,327.7861,46.900333,325.7642
412.09372,314.8858,392.81256,309.18097
633.8933,171.8155,624.78864,245.52168
265.5961,283.1255,265.4035,271.87878
75.61284,384.13962,60.588364,384.91577
497.86258,95.56344,494.28247,38.130768
65.067215,209.34953,65.52822,221.87856
273.11484,197.34421,284.38663,197.58864
246.62488,97.994896,247.48701,104.62066
564.3984,407.16254,580.3878,416.3652
285.63522,195.43854,273.10437,194.75153
360.64264,260.75635,348.0343,262.4496
509.40436,145.44576,521.8607,145.10422
102.86581,426.95325,129.47292,421.0677
211.9402,93.04123,221.8024,100.71826
620.26196,239.33424,627.5443,174.45012
422.89496,446.21924,434.36203,450.65854
267.9227,265.4543,270.79715,283.09695
25.704357,175.60495,28.897593,188.2456
539.3075,114.132225,553.1423,113.506744
100.24455,363.87323,93.67688,368.85287
461.66342,305.59222,463.20584,295.6375
54.283455,49.980377,79.46374,53.788193
86.83482,462.9741,91.90235,462.82877
104.453995,449.6014,118.26702,444.78204
540.6487,261.67545,593.1505,267.9104
483.32812,28.102415,485.55527,48.13275
361.84567,387.42944,373.19614,388.02954
244.4308,362.8157,258.1326,362.00287
320.23666,150.71477,319.1291,130.5015
547.1433,35.444714,545.9514,41.93494
79.39094,420.76175,89.40065,419.5951
505.3874,246.46558,448.05963,239.95015
114.41237,237.39487,105.52857,238.03342
443.1931,320.03238,450.80612,333.7195
437.0469,331.96335,436.42816,324.41162
304.10785,280.62637,304.16882,236.87645
304.75314,355.66882,338.20312,345.89227
509.38754,113.31344,523.24255,112.390884
58.322697,478.3199,68.866905,467.6241
0.4612398,272.2793,21.679358,270.6213
638.13043,135.35883,609.3719,135.25626
94.4048,236.01782,80.54491,237.0693
290.67114,131.87572,290.49716,143.12302
314.17355,41.874737,314.15714,54.374714
0.40304413,7.9129777,53.018753,-0.07483769
100.634865,351.39304,114.379105,351.67438
476.8849,256.74326,521.9125,260.12616
299.9266,83.24545,301.00436,100.678825
258.66586,56.827927,257.46878,43.073322
137.52893,180.67714,136.13466,198.16563
103.91119,379.78616,119.264435,376.37708
213.73459,239.37071,213.82246,251.87888
60.036034,172.4967,55.686295,150.61282
501.84842,124.0301,535.606,125.020996
605.57153,269.92603,629.46045,272.24442
76.56203,466.8658,76.33967,474.43274
411.87723,439.37704,420.88724,429.61707
421.87463,305.62796,414.49545,304.68372
624.4226,257.54355,604.3524,255.90096
563.0219,291.30627,581.907,294.16367
242.61052,57.84186,239.03162,48.544807
488.78622,80.612144,488.98102,90.63266
610.6272,88.30163,609.5373,80.60203
132.55907,117.278854,136.42265,86.81763
594.8924,168.21683,594.23663,162.98566
353.36734,304.31128,305.42358,295.4668
629.3596,274.54507,613.1292,273.07828
456.8717,225.66823,536.8828,231.77245
48.2074,369.72104,37.898975,372.17587
78.33093,163.06601,76.4867,156.62816
21.801525,209.454,24.639837,257.0084
1.165199,26.830389,3.7622564,58.278828
529.3721,263.4298,532.7548,249.59004
28.619474,190.60791,29.095522,204.38466
49.198822,412.41437,36.797115,408.36343
51.522587,108.170586,50.368267,99.24652
419.69873,407.83273,414.34467,401.90237
489.40094,274.5555,511.9736,271.31097
128.30017,240.97339,117.31365,246.4974
188.0938,12.786546,87.90833,22.025473
331.1419,7.3228893,339.29773,20.672216
190.63588,298.05206,91.84586,283.3204
15.94471,209.14629,9.444593,213.23563
119.34735,445.27194,130.62608,444.38873
299.39267,215.03568,273.1691,214.78374
65.80635,55.999275,53.07572,53.362953
71.41012,468.89102,63.736687,476.2618
66.142975,458.58716,75.20203,450.16977
589.38403,157.67084,638.13965,158.63759
447.94702,175.56888,451.40024,164.61949
313.59616,59.783123,307.12262,67.25677
489.31662,113.12129,490.19138,99.34746
157.29271,163.45695,160.04433,180.71758
189.13887,177.04979,190.22136,170.77092
549.8807,429.28308,551.98004,440.8331
554.744,442.5181,550.89026,452.21994
122.89612,463.67822,100.7344,470.95804
546.6618,45.26453,554.7877,40.459152
477.10074,250.69502,524.42456,255.0915
240.13745,158.1511,237.98862,117.998505
501.87167,171.92914,491.83276,171.31093
275.66028,48.709408,268.04913,48.30593
19.439045,441.0522,29.402494,439.55838
331.61066,161.8493,332.2961,188.1466
225.88487,439.49316,223.93762,423.1772
451.73682,225.62178,453.10736,166.84544
594.2425,356.1064,600.6919,357.8819
529.7732,264.42,528.64124,274.43335
600.82574,367.62573,585.75024,361.56348
300.55954,232.12231,277.987,226.14626
89.60454,76.553986,132.11032,82.76437
583.0873,240.32782,603.0826,237.79063
56.658623,352.6341,22.862967,367.53052
631.8697,160.95474,485.61737,158.59917
105.55147,377.89148,96.874504,380.6234
525.91296,249.35097,526.64703,258.14404
211.03796,442.7862,224.32483,436.76428
293.1311,86.43806,284.37222,86.50369
524.9094,260.42505,521.07416,274.15125
319.5373,23.141617,320.57654,12.992045
604.2755,315.03607,597.98,314.08893
76.81818,461.7576,96.45352,452.25418
253.5453,19.292887,255.23787,27.956423
485.67444,150.33994,441.87167,149.56244
341.66226,28.12098,341.2839,48.137455
40.94292,382.65927,57.042065,381.10086
342.0829,67.0569,340.77005,50.51429
84.404564,455.68817,74.28201,460.42636
179.7739,161.8944,179.16486,174.42554
44.320885,470.51657,57.826157,463.7762
555.6276,111.10884,540.62805,111.18999
307.99402,126.858444,311.62985,98.09402
615.4391,28.101664,613.8752,40.562267
159.35521,246.66524,176.70088,245.02908
527.5328,83.56237,522.54175,91.06834
189.97305,54.29124,189.58604,63.079247
299.6748,241.84384,300.72986,251.99403
26.117273,78.88803,22.340773,84.764336
575.5715,354.81613,561.72205,353.13467
179.50111,134.37488,179.51645,150.62605
270.58615,52.857876,287.03366,50.465942
179.40996,62.277386,158.21138,64.11925
469.15155,430.1358,488.1026,435.7013
350.2831,71.76102,358.22415,69.770515
556.88995,113.207954,573.066,110.29709
636.86035,154.93173,553.1355,152.72643
38.061584,237.19691,51.872665,236.7948
81.70304,443.1496,81.96039,431.87695
501.87332,155.74457,585.6244,156.91992
178.27602,94.30566,161.97298,96.39095
446.88226,154.16028,474.3809,153.96762
299.51083,349.87033,272.9949,345.09787
250.45224,115.89226,255.68839,119.27693
68.690315,225.5706,93.352066,228.98485
3.8525605,57.999443,1.0917157,69.48717
624.38007,174.77705,585.5888,175.26859
47.075195,454.99246,69.32458,462.0343
323.0018,76.63519,309.3031,74.96442
86.416504,78.16663,84.47211,56.75268
27.853418,387.8028,22.236721,392.5371
583.13196,174.14072,525.6085,172.42963
23.037012,43.624157,33.16306,45.409092
63.12132,415.61862,45.62513,415.6699
33.455776,49.462833,22.888702,46.455215
87.69727,59.31957,88.9612,78.06863
50.46482,71.6092,69.52375,74.71104
371.76727,39.970467,360.65485,37.9601
312.3126,292.44647,327.11758,295.80588
437.9191,445.22998,419.34332,440.7565
148.98059,147.08508,145.07352,93.25576
525.4357,95.55641,528.6744,86.62105
584.18964,313.6492,600.3437,309.52347
169.39531,18.274332,188.13866,15.725396
88.99301,387.1965,96.7268,384.01477
323.7554,115.33719,326.97913,122.398155
116.72246,438.40723,104.33324,440.36005
245.22318,82.75281,253.45651,80.71333
14.575724,28.072416,16.800999,36.56693
358.31323,321.91476,355.93176,333.1898
431.8615,283.1128,444.3747,283.1806
436.9812,239.43816,438.3806,209.3869
528.1536,122.28918,515.6143,122.50489
130.62198,59.39267,53.041122,46.115097
509.37292,147.24792,491.87347,147.15065
503.13586,117.60317,516.8799,117.88916
438.09613,262.71918,453.164,263.23474
162.15039,471.90356,164.2284,451.8598
555.53015,232.94876,586.97644,235.7267
99.54906,253.34877,164.55132,258.3193
69.4479,205.81284,77.231026,202.7924
368.45395,112.71382,358.31964,101.586136
299.91275,103.077156,302.35992,130.58185
332.7537,131.85867,331.76096,154.42497
122.24674,99.30429,123.94025,108.207695
581.87476,112.50888,590.62476,112.50543
86.99804,343.9629,95.374596,346.4637
148.16455,321.59665,124.36236,318.21393
132.90182,424.2695,130.28505,429.80518
481.5953,145.6132,482.01617,135.63095
5.5678096,344.28818,13.669129,338.95093
638.1389,147.42451,535.62396,147.89322
472.83136,243.26361,476.89246,251.86676
154.39088,198.21393,175.41685,194.45934
629.8803,353.01907,628.2689,345.33276
46.008556,396.71445,73.21666,387.13535
313.08173,251.10582,319.3821,250.75137
42.255184,145.71515,39.651955,120.5963
260.71664,366.06393,249.32953,364.77744
94.4006,455.67795,78.2897,463.46573
580.6265,314.37103,570.22327,310.43756
444.46823,283.1897,459.47372,284.36993
481.91617,157.29204,445.6313,155.49808
37.91919,286.82834,35.10084,299.25613
458.125,148.125,490.625,148.125
476.70956,136.87003,476.52078,143.15192
382.77347,386.46167,390.57767,378.08093
444.56378,440.02158,487.61945,453.49106
269.0531,138.31512,277.26065,140.14973
33.221264,42.103397,16.880781,40.563656
50.408348,322.10925,39.392868,324.45877
324.33194,228.32686,332.0156,229.96597
75.49646,201.01456,87.501656,204.97585
160.80707,164.01025,168.80908,168.00455
324.0153,255.39453,326.90173,266.5445
325.23877,123.315094,327.70737,128.33057
111.82689,242.22319,119.36697,242.35056
195.70749,242.13197,181.78697,246.60077
520.58466,234.86188,538.171,236.3201
599.3073,136.16458,606.9999,137.12987
337.0841,78.227646,342.2534,67.697136
123.1319,20.844986,114.35133,21.120314
261.12115,240.57431,263.1692,260.62048
521.8437,262.22495,500.65164,260.3275
324.11194,55.592316,323.1942,62.978287
355.1013,105.14197,350.31116,110.33554
356.8725,74.36954,349.25784,77.87018
309.3713,79.25331,325.64426,78.75967
450.68124,427.9373,433.24823,422.71378
265.5979,288.54507,279.37122,289.4336
224.01752,79.57564,222.13565,64.49849
50.522545,213.56912,35.604744,215.46568
444.40454,233.9595,440.59976,239.79329
11.840364,315.12457,21.79269,314.43576
89.34263,210.33887,79.18974,211.48758
252.73619,478.28183,248.56721,467.94662
595.4611,348.23615,596.62537,363.04636
39.47125,401.10803,53.414864,398.32974
589.33057,252.4323,564.3894,250.4446
49.951263,119.31506,52.03585,139.35828
0.38010767,423.95175,13.3905525,416.42365
99.196396,373.96823,100.84255,368.18695
516.85004,236.14589,488.1062,234.76682
101.67167,435.66016,101.548546,430.57242
333.69354,106.8718,333.59973,126.87723
186.93001,8.538422,169.4076,10.869963
283.12823,152.30058,268.1196,152.41457
85.652855,24.716112,69.40911,26.042698
135.44235,465.42365,121.67879,477.9087
474.53436,435.12524,462.1027,431.16098
331.58322,121.81359,330.30157,101.81562
85.56151,54.723717,103.16087,57.927967
264.28598,12.473808,281.96817,10.056546
259.33115,346.92596,268.1151,346.6047
130.48991,250.61964,130.98474,238.13927
600.5846,309.52133,614.3229,313.3139
20.372963,416.46442,0.62411916,428.58725
81.352776,54.30879,83.52653,78.202194
54.432842,239.9636,35.618855,241.81247
288.68613,100.05427,281.57098,97.86152
364.25665,42.36719,353.0533,39.673172
121.90797,14.643412,143.14465,12.035013
141.52469,270.57968,197.72124,255.38202
55.46347,325.28214,63.588013,321.45453
7.852424,135.55363,5.241601,145.52461
329.11035,215.63152,328.87888,161.87714
571.17834,113.284676,584.63434,120.11399
154.06177,73.03833,155.3656,87.13031
349.4421,266.27982,360.69006,267.5481
486.97717,101.86866,487.01825,110.62433
41.36998,455.03058,36.63377,460.41272
225.69777,234.04253,213.1774,235.03557
183.06976,256.89252,150.63138,255.47871
138.08269,197.73349,150.57188,196.38358
80.109955,74.42424,78.66625,59.323254
638.3375,349.73495,632.9881,352.89313
267.78494,259.39276,266.53864,235.51208
559.4168,120.37667,572.9926,122.66147
83.15072,362.37314,96.86417,361.6651
594.352,332.2237,601.9837,332.72717
60.705738,327.2454,50.639122,329.4398
449.4206,230.63025,488.1644,232.04965
339.0404,341.94058,337.53223,334.2462
47.90068,95.64371,49.151485,110.64364
84.34229,83.35905,125.65882,89.13298
320.12686,255.56595,319.4904,260.93506
236.98582,337.06274,248.06471,330.5229
106.608795,331.64658,92.85458,334.12323
18.768555,237.0791,15.74179,228.0857
600.5476,171.83223,630.5896,170.03387
580.95575,306.81644,582.0665,313.0911
36.77936,220.66617,50.73867,219.56174
177.4114,156.71336,174.4409,146.85515
466.88898,239.19897,543.0563,245.24126
218.02504,262.89642,228.25514,258.4226
92.885056,334.98013,80.3701,330.01785
73.17497,242.12251,85.67038,239.59976
500.51462,33.11254,498.81122,48.202465
445.47003,237.18752,465.64352,239.18839
439.87357,176.90309,440.9346,158.072
301.1681,220.63513,301.40176,208.11617
88.20395,45.192528,54.438198,39.028793
508.63458,56.822674,507.7494,69.34846
168.09406,11.550942,151.8726,13.099839
309.39584,1.6229142,328.13766,1.2314235
512.73083,30.077358,520.03503,34.1763
69.34246,341.79276,78.8441,338.03323
638.135,209.37569,637.0998,224.4761
53.04333,42.47355,71.78551,45.030857
49.11223,392.451,38.739517,396.49503
183.00914,61.30193,189.49698,62.41233
619.39545,279.14215,609.2541,278.25085
525.60834,247.35747,504.42682,246.62558
0.37400705,240.58191,16.501642,237.45149
570.6435,280.5143,583.2107,282.61166
247.81856,327.61047,233.82199,335.94647
320.57294,338.40836,334.3184,340.93326
164.63931,183.09839,163.00754,166.88683
328.5341,153.14748,329.63367,133.13922
3.1213386,223.9291,15.625755,223.95139
362.48367,170.44252,359.99316,179.19522
21.314747,65.633865,20.977907,44.349632
359.42374,222.9236,346.758,219.85849
161.89125,93.27615,180.69264,91.25396
131.96431,66.33254,93.0347,59.923523
129.31555,86.08394,88.10923,80.74677
64.20005,396.1696,53.903347,398.72318
131.42873,80.68741,129.66634,68.08426
524.26984,111.80564,534.41205,112.70888
603.1468,258.11426,603.05927,268.13535
24.44854,47.969666,26.942564,69.22037
207.13652,70.59418,208.17085,79.3696
94.14746,309.50272,122.736015,303.70645
282.01044,126.79746,286.17017,134.06287
568.01715,99.160164,564.3361,89.88662
619.07947,378.71674,602.0755,370.2236
88.133255,311.8128,69.38186,309.32333
76.97128,57.309017,66.817665,56.1109
519.9651,34.81027,525.5028,43.2056
453.1159,165.36023,479.38675,165.60306
503.12363,152.11633,485.61703,152.01607
273.5781,173.1265,273.5617,164.37418
419.19586,434.95102,441.48395,441.88248
331.3888,190.60313,331.8188,205.6266
597.3126,37.21501,603.29877,29.510014
494.30566,61.873116,493.83,79.360176
5.72495,437.82883,13.215545,440.3567
478.09814,154.78923,498.17584,156.0905
283.84796,144.33443,283.21463,133.04982
529.7255,357.18225,544.537,362.68924
215.26875,249.77469,226.62094,245.01859
570.4393,166.58173,593.0575,170.97281
475.95013,5.680807,472.50812,25.733671
380.68246,432.80832,371.89844,432.48605
99.24734,205.68423,81.574356,167.59447
81.89867,80.14731,56.8981,78.90871
153.11598,93.10089,160.9263,90.18091
185.66624,68.829124,153.13144,70.734886
262.3087,266.7908,249.69434,271.4834
70.49399,268.9687,84.45327,267.8645
104.49064,241.45317,110.94121,243.22157
123.0308,384.9288,107.96829,386.96683
302.8819,116.870384,303.451,86.88119
180.7639,294.32047,200.35419,292.04422
209.48645,268.12296,209.11674,248.10669
426.74542,424.95572,437.99316,427.4658
472.01654,49.514706,467.13367,98.15097
365.91083,352.71774,374.71207,358.8947
70.56946,345.94467,63.07842,344.6431
248.9224,237.1323,259.08875,232.49718
136.87161,248.55676,146.87662,248.5153
499.30484,28.088778,502.1324,22.612484
606.1179,18.961597,600.18915,29.819538
106.965675,314.93762,90.5074,312.76642
260.80573,319.71954,248.9458,325.93994
570.5969,315.82202,594.2233,319.18918
71.42677,65.47618,73.08007,74.38334
305.62955,331.8807,316.77975,323.00534
167.02325,449.16724,171.33795,478.2048
485.69122,116.52625,497.98526,118.86088
460.6417,281.67767,440.57382,279.98
310.27353,60.554283,307.91153,30.54342
394.57816,374.2087,351.93628,382.20184
259.9157,80.96741,255.09468,88.58073
216.91011,278.2249,229.60005,273.7654
199.46791,286.28278,181.81412,283.51303
75.62805,196.17604,66.8714,196.22452
514.34924,225.19717,504.3853,225.79665
523.97485,351.1922,530.2572,355.62463
472.1433,266.7379,475.95847,274.20462
93.114784,246.97447,70.59562,244.66101
140.59862,106.87627,141.74022,130.63147
96.85252,6.6704555,84.36591,8.042327
625.193,341.03555,634.6066,343.4846
575.8516,337.34903,567.8013,341.19794
545.90314,29.188768,534.7169,12.483037
491.9897,112.15635,501.85147,113.323845
291.94852,333.93677,310.59317,337.06473
175.16562,126.76058,180.22122,106.46308
549.3755,152.0692,508.1258,152.17677
185.71893,88.00435,174.33972,88.950745
625.88025,295.49765,628.1246,277.96494
157.21596,216.90344,156.05975,230.76552
474.38873,168.70007,458.11816,169.0883
335.64484,343.80267,321.87006,344.2056
141.3737,79.420685,140.23366,66.91066
430.44568,322.86435,432.02194,329.33923
622.3934,289.03342,616.6635,280.33807
130.10057,150.90419,134.03967,158.30351
156.40369,478.16434,154.73747,458.19907
158.1304,66.96278,181.86742,65.50176
563.09314,268.43994,579.42883,270.09274
290.6647,199.29524,297.16943,202.53355
437.44476,208.19415,439.4246,191.88101
59.357758,12.277334,41.83637,11.526363
41.869034,412.18997,30.599401,411.9765
46.91363,303.26526,84.649254,292.87064
68.29934,199.3978,67.153366,208.1614
579.3354,339.1839,589.4929,351.55457
465.6547,259.04968,485.6026,260.87045
330.35104,266.88504,329.57245,245.61777
71.86318,313.6882,80.63555,313.87228
41.817715,13.862482,18.222778,16.499786
70.649734,307.06537,99.561295,303.30872
171.84552,85.08418,179.45917,84.6692
0.3556866,295.8947,34.610947,286.48383
169.31708,252.65904,190.54976,250.01971
279.34552,282.13428,303.07455,281.4285
346.697,286.0379,357.02728,283.84116
210.41127,250.64944,211.87112,263.4114
131.50114,131.88301,131.20555,118.085785
278.25046,245.38432,299.78918,242.70691
15.653788,42.98936,16.99271,55.612514
78.31493,233.4082,86.70679,225.52687
492.7529,328.43942,503.08112,340.66208
274.36807,215.19872,289.3844,214.95499
583.14545,237.77762,571.86096,237.11292
167.60309,71.67071,170.803,83.07506
351.8135,52.17183,370.6464,50.956703
202.92192,60.63166,203.6194,81.89978
410.63705,223.91408,399.3788,223.83481
366.3743,179.40791,365.46893,165.63525
22.435223,412.85257,23.296011,406.72345
567.09204,142.41356,576.93835,145.41733
32.99081,432.25153,39.659523,431.22702
318.0665,175.61311,317.92963,161.88942
285.6383,199.71165,274.35654,200.15742
326.71027,276.88184,327.43695,294.40353
476.57544,271.15167,483.23608,268.3932
287.21185,329.85083,298.24286,322.04147
490.63016,382.54498,524.3782,382.2853
14.450528,227.45517,3.2279906,228.91614
553.10596,171.08638,568.13196,171.70631
131.89043,284.2242,111.8444,282.17426
502.37567,371.91718,486.41776,362.6635
137.11057,68.11515,137.58229,79.39769
130.57417,310.30484,142.96045,308.33847
81.93587,249.54161,70.80185,253.6091
175.57852,278.55957,164.32358,277.35577
220.63397,11.321728,200.6212,11.579632
226.30351,422.2059,233.16153,408.14282
198.40424,266.23108,184.21149,272.7701
572.9048,363.81747,587.971,368.6091
250.42685,245.77405,259.55606,244.13094
138.91359,42.895657,140.44926,48.176105
88.089676,265.34744,104.39377,263.27243
540.49115,224.58998,551.8741,223.11769
275.91965,163.03455,279.15585,173.57602
370.655,53.60069,356.88095,54.46917
553.07764,166.25319,565.60016,165.29884
557.08734,4.3630276,557.5128,11.909514
454.34164,355.70724,474.35507,355.43106
615.9373,379.9156,630.80707,386.46136
173.11693,46.30552,156.8702,46.53599
174.4809,286.19058,159.45383,283.86554
359.41507,394.17264,366.632,395.60202
385.63342,346.7418,374.34952,346.0273
313.10233,287.4548,323.0909,287.11707
468.4869,371.30914,442.28134,366.08624
148.05298,265.56454,129.35944,266.59186
284.18063,267.73187,271.65262,273.92517
350.54678,372.23343,370.61166,370.47287
373.19162,342.44278,361.94968,343.76157
324.26688,367.25702,306.7546,362.3003
564.43774,135.81999,549.3576,136.47496
408.1112,345.76678,398.20502,344.8027
211.78459,1.2516929,200.58882,2.8755538
248.01947,315.4233,233.67647,322.92883
299.42975,257.81757,286.88235,255.58376
417.9978,225.99878,410.13248,223.32234
218.4324,41.692673,206.71422,45.066544
421.82004,473.2704,394.45154,462.92255
286.9177,379.19357,273.05292,375.9314
485.6103,341.96042,468.19583,338.96338
530.58704,389.55746,543.0671,392.15347
180.68904,264.54367,168.10457,269.3212
271.4078,280.84946,279.5051,277.16058
259.4977,260.99332,249.37238,264.3671
274.265,399.81537,263.0878,397.024
346.8413,290.04904,355.63443,289.88684
16.797012,31.083027,22.276655,32.01603
257.11908,324.7384,267.7645,317.58826
266.8289,333.44162,253.18611,331.4553
132.91275,303.77148,151.5551,297.21533
373.63892,347.51993,390.69873,362.0099
516.6232,471.1535,498.91483,462.7171
530.1162,50.476475,532.1392,60.572056
303.5112,378.23508,291.89996,374.30133
330.79837,61.87996,332.0851,16.881008
541.8013,477.13803,521.9586,471.5766
264.00583,389.65356,250.74576,394.69275
479.24594,376.13577,468.95538,373.53592
584.80273,334.54935,587.6996,327.4421
518.47943,290.55643,548.02454,298.49875
222.85991,391.63242,236.15291,378.6364
324.12204,438.84122,311.83075,434.5003
80.91053,263.9413,95.44406,258.8577
321.92142,266.31735,313.02496,265.57697
